The delete statement is used to delete the existing record of the table...........................................................

-----------------------------------To delete a specific record of the table we use where clause with delete statement------------------------------------------------
mysql> delete from customer
    -> where cust_Id=103;
Query OK, 1 row affected (0.03 sec)

mysql> select * from customer;
+---------+-----------+-------------------------------+-------------+------------+---------+
| cust_Id | cust_name | address                       | city        | postalcode | country |
+---------+-----------+-------------------------------+-------------+------------+---------+
|     101 | raman     | Obere Str. 57                 | New Jersey  |      12209 | USA     |
|     102 | ramesh    | Avda. de la Constitución 2222 | México D.F. |       5021 | Mexico  |
|     104 | Tanya     | 120 Hanover Sq.               | London      |      30450 | UK      |
+---------+-----------+-------------------------------+-------------+------------+---------+
3 rows in set (0.00 sec)

----------------------------to delete all the records of the table we just use delete statement--------------------------------------------------------------------------
mysql> delete from student;
Query OK, 4 rows affected (0.03 sec)

mysql> select * from student;
Empty set (0.00 sec)

mysql> desc student;
+----------+-------------+------+-----+---------+-------+
| Field    | Type        | Null | Key | Default | Extra |
+----------+-------------+------+-----+---------+-------+
| rollno   | varchar(20) | YES  |     | NULL    |       |
| name     | varchar(20) | YES  |     | NULL    |       |
| mobileno | varchar(30) | YES  |     | NULL    |       |
| address  | varchar(40) | YES  |     | NULL    |       |
+----------+-------------+------+-----+---------+-------+
4 rows in set (0.02 sec)
